{"has_child":1,"home_url":"https:\/\/lms.in","child_file":{"lms.in_wpvivid-61cb313b1c75c_2021-12-28-22-46_backup_themes.zip":{"file_type":"themes","themes":{"astra":{"slug":"astra","size":21939569}},"root_flag":"wp-content","file":"lms.in_wpvivid-61cb313b1c75c_2021-12-28-22-46_backup_themes.zip","php_version":"7.4.19","mysql_version":"5.7.33"},"lms.in_wpvivid-61cb313b1c75c_2021-12-28-22-46_backup_db.zip":{"dump_db":1,"home_url":"https:\/\/lms.in","file_type":"databases","root_flag":"custom","file":"lms.in_wpvivid-61cb313b1c75c_2021-12-28-22-46_backup_db.zip","php_version":"7.4.19","mysql_version":"5.7.33"},"lms.in_wpvivid-61cb313b1c75c_2021-12-28-22-46_backup_uploads.zip":{"file_type":"upload","root_flag":"wp-content","file":"lms.in_wpvivid-61cb313b1c75c_2021-12-28-22-46_backup_uploads.zip","php_version":"7.4.19","mysql_version":"5.7.33"},"lms.in_wpvivid-61cb313b1c75c_2021-12-28-22-46_backup_content.zip":{"file_type":"wp-content","root_flag":"root","file":"lms.in_wpvivid-61cb313b1c75c_2021-12-28-22-46_backup_content.zip","php_version":"7.4.19","mysql_version":"5.7.33"}},"root_flag":"custom","file":"lms.in_wpvivid-61cb313b1c75c_2021-12-28-22-46_backup_all.part002.zip","php_version":"7.4.19","mysql_version":"5.7.33"}