{"has_child":1,"home_url":"https:\/\/lms.in","child_file":{"lms.in_wpvivid-61cb313b1c75c_2021-12-28-22-46_backup_plugin.zip":{"file_type":"plugin","plugin":{"elementor":{"slug":"elementor","size":27140546},"header-footer-elementor":{"slug":"header-footer-elementor","size":1183531},"loco-translate":{"slug":"loco-translate","size":1460886},"presto-player":{"slug":"presto-player","size":7374475},"astra-sites":{"slug":"astra-sites","size":5660731},"thanh-toan-quet-ma-qr-momozalo-paymoca-grab-airpay":{"slug":"thanh-toan-quet-ma-qr-momozalo-paymoca-grab-airpay","size":3360117},"mp-timetable":{"slug":"mp-timetable","size":1091498},"tutor":{"slug":"tutor","size":4925702},"tutor-lms-elementor-addons":{"slug":"tutor-lms-elementor-addons","size":748595},"updraftplus":{"slug":"updraftplus","size":24375692},"user-role-editor":{"slug":"user-role-editor","size":1252881},"video-conferencing-with-zoom-api":{"slug":"video-conferencing-with-zoom-api","size":13535539},"woocommerce":{"slug":"woocommerce","size":29438896},"woo-vietnam-checkout":{"slug":"woo-vietnam-checkout","size":1470044},"wpforms-lite":{"slug":"wpforms-lite","size":14689213}},"root_flag":"wp-content","file":"lms.in_wpvivid-61cb313b1c75c_2021-12-28-22-46_backup_plugin.zip","php_version":"7.4.19","mysql_version":"5.7.33"},"lms.in_wpvivid-61cb313b1c75c_2021-12-28-22-46_backup_core.zip":{"include_path":["wp-includes","wp-admin"],"wp_core":1,"home_url":"https:\/\/lms.in","file_type":"wp-core","root_flag":"root","file":"lms.in_wpvivid-61cb313b1c75c_2021-12-28-22-46_backup_core.zip","php_version":"7.4.19","mysql_version":"5.7.33"}},"root_flag":"custom","file":"lms.in_wpvivid-61cb313b1c75c_2021-12-28-22-46_backup_all.part001.zip","php_version":"7.4.19","mysql_version":"5.7.33"}